{
  "project_info": {
    "project_number": "1057939795961",
    "project_id": "careapp-1cbc5",
    "storage_bucket": "careapp-1cbc5.appspot.com"
  },
  "client": [
    {
      "client_info": {
        "mobilesdk_app_id": "1:1057939795961:android:120159cbc9348172cfd728",
        "android_client_info": {
          "package_name": "com.example.careapp"
        }
      },
      "oauth_client": [
        {
          "client_id": "1057939795961-uaa9c818httv9iitk5u8fb70glc8grum.apps.googleusercontent.com",
          "client_type": 3
        }
      ],
      "api_key": [
        {
          "current_key": "AIzaSyASChAG66VBFjyoXOY5xW5keaiwEOkUruI"
        }
      ],
      "services": {
        "appinvite_service": {
          "other_platform_oauth_client": [
            {
              "client_id": "1057939795961-uaa9c818httv9iitk5u8fb70glc8grum.apps.googleusercontent.com",
              "client_type": 3
            }
          ]
        }
      }
    }
  ],
  "configuration_version": "1"
}